{
  "deployment": {
    "platform": "pythonanywhere.com",
    "python_version": "3.11",
    "description": "Configuration reference for deploying Wajina Suite to PythonAnywhere"
  },
  "environment_variables": {
    "required": {
      "FLASK_ENV": {
        "description": "Flask environment mode",
        "value": "production",
        "importance": "critical"
      },
      "SECRET_KEY": {
        "description": "Secret key for Flask session encryption",
        "value": "Generate using: python3 -c \"import secrets; print(secrets.token_hex(32))\"",
        "importance": "critical",
        "notes": "Must be a strong random string, minimum 32 characters"
      },
      "DATABASE_URL": {
        "description": "Database connection string",
        "value": "sqlite:///instance/wajina_suite.db (default) or postgresql://user:pass@host/dbname",
        "importance": "critical"
      }
    },
    "recommended": {
      "MAIL_SERVER": {
        "description": "SMTP server for email",
        "value": "smtp.gmail.com or smtp.sendgrid.net",
        "importance": "high",
        "notes": "Free accounts: Use SendGrid (works with free tier)"
      },
      "MAIL_PORT": {
        "description": "SMTP port",
        "value": "587",
        "importance": "high"
      },
      "MAIL_USE_TLS": {
        "description": "Use TLS encryption for email",
        "value": "True",
        "importance": "high"
      },
      "MAIL_USERNAME": {
        "description": "Email account username/address",
        "value": "your-email@gmail.com",
        "importance": "high"
      },
      "MAIL_PASSWORD": {
        "description": "Email account password or app password",
        "value": "App-specific password (for Gmail: 16 chars without spaces)",
        "importance": "high",
        "notes": "For Gmail, use App Passwords, not your account password"
      }
    },
    "school_information": {
      "SCHOOL_NAME": {
        "description": "School name",
        "value": "Wajina International School",
        "importance": "medium"
      },
      "SCHOOL_ADDRESS": {
        "description": "School physical address",
        "value": "Makurdi, Benue State, Nigeria",
        "importance": "medium"
      },
      "SCHOOL_PHONE": {
        "description": "School contact phone number",
        "value": "+234-xxx-xxx-xxxx",
        "importance": "low"
      },
      "SCHOOL_EMAIL": {
        "description": "School email address",
        "value": "admin@wajina.edu.ng",
        "importance": "medium"
      }
    },
    "payment_gateway": {
      "FLUTTERWAVE_PUBLIC_KEY": {
        "description": "Flutterwave public key for payments",
        "value": "pk_test_xxx (sandbox) or pk_live_xxx (production)",
        "importance": "low",
        "notes": "Only needed if using online payment features"
      },
      "FLUTTERWAVE_SECRET_KEY": {
        "description": "Flutterwave secret key",
        "value": "sk_test_xxx or sk_live_xxx",
        "importance": "low",
        "notes": "Keep this secret! Never commit to version control"
      },
      "FLUTTERWAVE_ENCRYPTION_KEY": {
        "description": "Flutterwave encryption key",
        "value": "Your encryption key from Flutterwave dashboard",
        "importance": "low"
      },
      "FLUTTERWAVE_ENVIRONMENT": {
        "description": "Flutterwave environment",
        "value": "sandbox (for testing) or live (for production)",
        "importance": "medium",
        "notes": "Use 'sandbox' for testing, 'live' for production"
      }
    },
    "security": {
      "MIN_PASSWORD_LENGTH": {
        "description": "Minimum password length",
        "value": "8",
        "importance": "medium"
      },
      "REQUIRE_PASSWORD_COMPLEXITY": {
        "description": "Require complex passwords (uppercase, numbers, symbols)",
        "value": "True or False",
        "importance": "medium"
      },
      "SESSION_TIMEOUT_MINUTES": {
        "description": "Session timeout in minutes",
        "value": "60",
        "importance": "medium"
      },
      "MAX_LOGIN_ATTEMPTS": {
        "description": "Maximum failed login attempts before lockout",
        "value": "5",
        "importance": "medium"
      }
    }
  },
  "pythonanywhere_configuration": {
    "wsgi_configuration": {
      "file_path": "/var/www/{username}_pythonanywhere_com_wsgi.py",
      "content_reference": "pythonanywhere_wsgi.py",
      "description": "Main WSGI entry point for the application"
    },
    "virtualenv": {
      "path": "/home/{username}/.virtualenvs/wajina-deploy",
      "python_version": "3.11",
      "installation_command": "pip install -r requirements.txt"
    },
    "static_files": {
      "mappings": [
        {
          "url": "/static/",
          "directory": "/home/{username}/wajina-deploy/static/"
        },
        {
          "url": "/uploads/",
          "directory": "/home/{username}/wajina-deploy/static/uploads/"
        }
      ],
      "important_notes": "Configure in PythonAnywhere Web app settings → Static files section"
    },
    "web_app_settings": {
      "type": "Manual configuration",
      "python_version": "3.11+",
      "wsgi_config_file": "/home/{username}/wajina-deploy/pythonanywhere_wsgi.py",
      "reload_command": "Click 'Reload' button in PythonAnywhere Web tab"
    }
  },
  "database_setup": {
    "sqlite_default": {
      "location": "/home/{username}/wajina-deploy/instance/wajina_suite.db",
      "suitable_for": "Development and small deployments (free accounts)",
      "limitations": "Single user access, slower performance with concurrent users"
    },
    "postgresql_recommended": {
      "location": "Provided by PythonAnywhere (paid accounts only)",
      "connection_string": "postgresql://username:password@hostname/database_name",
      "driver": "psycopg2-binary",
      "advantages": "Better performance, concurrent users, enterprise features",
      "notes": "Requires paid PythonAnywhere account"
    },
    "initialization": {
      "automatic": "Database tables are created automatically on first run via db.create_all()",
      "manual_command": "See PYTHONANYWHERE_DEPLOYMENT.md for manual initialization"
    }
  },
  "file_structure": {
    "critical_files": [
      "app.py - Main Flask application",
      "pythonanywhere_wsgi.py - WSGI entry point (created for you)",
      "requirements.txt - Python dependencies",
      ".env - Environment variables (create locally)"
    ],
    "important_directories": [
      "templates/ - HTML templates",
      "static/ - CSS, JavaScript, images",
      "static/uploads/ - User uploaded files",
      "instance/ - Instance-specific files (database, etc.)"
    ]
  },
  "deployment_checklist": {
    "before_deployment": [
      "Create .env file with all required environment variables",
      "Update SECRET_KEY with a secure random value",
      "Configure email settings (Gmail app password or SendGrid)",
      "Test application locally to ensure it works"
    ],
    "on_pythonanywhere": [
      "Create/configure web app on PythonAnywhere",
      "Set up virtual environment",
      "Install dependencies from requirements.txt",
      "Create .env file in project directory",
      "Configure WSGI file path",
      "Configure static files mappings",
      "Initialize database",
      "Create admin user",
      "Reload web app"
    ],
    "after_deployment": [
      "Test application at https://{username}.pythonanywhere.com",
      "Change default admin password (admin123)",
      "Configure school settings in admin panel",
      "Upload school logo",
      "Configure payment gateway (if needed)",
      "Set up email notifications",
      "Monitor error logs regularly"
    ]
  },
  "troubleshooting": {
    "502_bad_gateway": {
      "causes": ["Missing dependencies", "Wrong WSGI path", "Database connection error"],
      "solution": "Check error logs: tail /var/log/pythonanywhere.com/{username}_pythonanywhere_com_wsgi_error_log.log"
    },
    "static_files_not_loading": {
      "causes": ["Static file mapping missing", "Cache not cleared"],
      "solution": "Re-check static file mappings in Web settings and reload"
    },
    "database_not_found": {
      "causes": ["DATABASE_URL incorrect", "Instance directory not created"],
      "solution": "Create instance directory and reinitialize database"
    },
    "cannot_send_emails": {
      "causes": ["Free account limitation", "Wrong credentials", "Gmail app password issue"],
      "solution": "Use SendGrid on free accounts or upgrade to paid PythonAnywhere"
    }
  },
  "notes": {
    "free_account_limitations": [
      "Cannot send emails directly (use SendGrid instead)",
      "Limited to whitelisted websites",
      "No SSH access",
      "No scheduled tasks",
      "Limited RAM and CPU"
    ],
    "paid_account_benefits": [
      "Unlimited web apps",
      "PostgreSQL database support",
      "SSH access",
      "Scheduled tasks",
      "More RAM and CPU",
      "Email capability",
      "Custom domains"
    ]
  },
  "support_resources": {
    "pythonanywhere_help": "https://help.pythonanywhere.com",
    "flask_documentation": "https://flask.palletsprojects.com",
    "sqlalchemy_documentation": "https://docs.sqlalchemy.org",
    "wajina_readme": "README.md in project root"
  },
  "version_info": {
    "created": "2024-11-13",
    "compatible_with": "Python 3.11+, Flask 3.0+",
    "wajina_suite_version": "1.0.0"
  }
}
